TITLE,PRICE,LOCATION,URL,BEDROOMS,BATHROOMS,SQUARE FEET,TYPE,PARKING INFO,PET FRIENDLY,ADDRESS,SOURCE
3 1/2 à Louer | 1 bedroom for Rent | Sherbrooke,1025,Sherbrooke,https://www.kijiji.ca/v-apartments-condos/sherbrooke-qc/3-1-2-a-louer-1-bedroom-for-rent-sherbrooke/1692886805,1,1,N/A,Apartment,0,N/A,"110 St-François Nord, Sherbrooke, QC, J1E 3H6",Kijiji
Near Toyota-1 bedroom -All Inclusive!! BONUS: 500.00 gift card,1795,"Preston Heights, Cambridge",https://www.kijiji.ca/v-apartments-condos/cambridge/near-toyota-1-bedroom-all-inclusive-bonus:-500-00-gift-card/1673363360,1,1,700 sqft,Apartment,1,N/A,"323 Kitchener Rd, Cambridge, ON",Kijiji
558 SHERBROOK - 1 BR - Available Dec 1st,925,Winnipeg,https://www.kijiji.ca/v-apartments-condos/winnipeg/558-sherbrook-1-br-available-dec-1st/1727869924,1,1,N/A,Apartment,0,N/A,"558 Sherbrook, Winnipeg, MB, R3B 2W8",Kijiji
"Upscale 2-Bedroom Rentals in Ottawa – Starting at $2,675/Month",2675,Ottawa,https://www.kijiji.ca/v-apartments-condos/ottawa/upscale-2-bedroom-rentals-in-ottawa-starting-at-2-675-month/1720014673,2,2,1008 sqft,Apartment,0,N/A,"150 Marketplace Ave, Nepean, ON, K2J 6V2",Kijiji
apartment,1899,"High Park North, City of Toronto",https://www.kijiji.ca/v-apartments-condos/city-of-toronto/apartment/1718850833,0,1,480 sqft,Apartment,0,Yes,"111 Pacific Ave, Toronto, ON M6P 2P2",Kijiji
"For Lease 3 Bedroom 3 Bathrooms, Townhouse",2800,"Oakhill, Brantford",https://www.kijiji.ca/v-apartments-condos/brantford/for-lease-3-bedroom-3-bathrooms-townhouse/1728219773,3,2.5,1452 sqft,Townhouse,2,N/A,"Colborne Street West, Brantford, ON",Kijiji
Modern 1 Bedroom Basement Apartment – North Oakville,1800,"Glenorchy, Oakville",https://www.kijiji.ca/v-apartments-condos/oakville-halton-region/modern-1-bedroom-basement-apartment-north-oakville/1728950951,1,1,1000 sqft,Basement,1,N/A,"Oakville, ON L6H 0V9",Kijiji
Modern Condo With Expansive Private Terrace!,1800,Kitchener / Waterloo,https://www.kijiji.ca/v-apartments-condos/kitchener-waterloo/modern-condo-with-expansive-private-terrace/1726532052,1,1,707 sqft,Condo,1,Yes,"55 Duke Street West, Kitchener, ON, N2H 0C9",Kijiji
Basement for rent in Taradale Ne,1100,"Taradale, Calgary",https://www.kijiji.ca/v-apartments-condos/calgary/basement-for-rent-in-taradale-ne/1728950943,2,1,1300 sqft,Basement,1,N/A,"101 Taracove Estate Dr NE, Calgary, AB T3J 4R1",Kijiji
Luxury Condo in DT Toronto for Rent,3600,"Yorkville, Toronto",https://www.kijiji.ca/v-apartments-condos/city-of-toronto/luxury-condo-in-dt-toronto-for-rent/1728950852,2,2,900 sqft,Condo,1,Yes,"Davenport Road, Toronto, ON",Kijiji
Basement Apartment for Rent with Parking,1500,"Downtown, Mississauga / Peel Region",https://www.kijiji.ca/v-apartments-condos/mississauga-peel-region/basement-apartment-for-rent-with-parking/1728950851,1.5,1,800 sqft,Basement,1,Yes,"18 Wellington St W, Brampton, ON L6Y 1K5",Kijiji
Appartement à louer gatineau 2 chambres,1700,"Du Plateau, Gatineau",https://www.kijiji.ca/v-apartments-condos/gatineau/appartement-a-louer-gatineau-2-chambres/1728950850,2,1,1250 sqft,Apartment,1,N/A,"Gatineau, QC J9J 4A6",Kijiji
House for rent,1000,"Westridge, Edmonton",https://www.kijiji.ca/v-apartments-condos/edmonton/house-for-rent/1728950837,2,1,1200 sqft,House,2,Yes,"Edmonton, AB, T5T1C4",Kijiji
super quiet clean furnished room For rent Brampton,730,"Northwood Park, Mississauga / Peel Region",https://www.kijiji.ca/v-apartments-condos/mississauga-peel-region/super-quiet-clean-furnished-room-for-rent-brampton/1728950827,1,1,1200 sqft,House,1,N/A,"8 Leneck Ave, Brampton, ON L6X 2A7",Kijiji
LARGE FURNISHED RENOVATED BACHELOR in BASEMENT-SEPARATE KITCHEN,950,"Bathurst Manor, North York",https://www.kijiji.ca/v-apartments-condos/city-of-toronto/large-furnished-renovated-bachelor-in-basement-separate-kitchen/1728950787,0,1,600 sqft,Basement,0,N/A,"North York, ON M3H 4V8",Kijiji
2 BEDROOM T/H IN SW BARRIE--NEWLY RENOVATED--INCREDIBLE VALUE,2195,"Barrie, Barrie",https://www.kijiji.ca/v-apartments-condos/barrie/2-bedroom-t-h-in-sw-barrie-newly-renovated-incredible-value/1728190215,2,1,980 sqft,Townhouse,2,Yes,"8 Black Cherry Crescent, Barrie, ON, L4N 9L3",Kijiji
3 BEDROOM T/H--AWESOME HOME FOR AWESOME PRICE--SW BARRIE,2395,"Barrie, Barrie",https://www.kijiji.ca/v-apartments-condos/barrie/3-bedroom-t-h-awesome-home-for-awesome-price-sw-barrie/1728210388,3,2,1278 sqft,Townhouse,2,Yes,"8 Black Cherry Crescent, Barrie, ON, L4N 9L3",Kijiji
One bedroom suite for rent in Rosscarrock.,1200,"Rosscarrock, Calgary",https://www.kijiji.ca/v-apartments-condos/calgary/one-bedroom-suite-for-rent-in-rosscarrock/1728950753,1,1,950 sqft,Basement,1,Yes,"4223 7 Ave SW, Calgary, AB T3C 0E3",Kijiji
À LOUER 2 ½ meublé et équipé Plateau-Mont-Royal,1390,"De Lorimier, Montréal",https://www.kijiji.ca/v-apartments-condos/ville-de-montreal/a-louer-2-meuble-et-equipe-plateau-mont-royal/1722677622,0,1,338 sqft,Condo,0,N/A,"Montréal, QC H2K 3X5",Kijiji
1 BED 1 BATH APARTMENT,1499,"Corman, Hamilton",https://www.kijiji.ca/v-apartments-condos/hamilton/1-bed-1-bath-apartment/1727958355,1,1,650 sqft,Apartment,0,Yes,"132 Gailmont Drive, Hamilton, ON",Kijiji
Fully Furnished Executive 5 bedrooms with walkout basement house,3950,"Diamond Cove, Calgary",https://www.kijiji.ca/v-apartments-condos/calgary/fully-furnished-executive-5-bedrooms-with-walkout-basement-house/1726610208,5,3.5,3300 sqft,House,3,N/A,"Diamond Dr SE, Calgary, AB",Kijiji
Superbe bungalow à louer au quartier cheval blanc à Gatineau,3200,"Rivière-Blanche, Gatineau",https://www.kijiji.ca/v-apartments-condos/gatineau/superbe-bungalow-a-louer-au-quartier-cheval-blanc-a-gatineau/1728772064,2,2,7459 sqft,House,1,N/A,"Rue des Frères-Vachon, Gatineau, QC",Kijiji
2 bedroom Apartment,1800,"Sudbury, Sudbury",https://www.kijiji.ca/v-apartments-condos/sudbury/2-bedroom-apartment/1728949963,2,1,850 sqft,Apartment,1,N/A,"131 Adie St, Greater Sudbury, ON P3C 2C9",Kijiji
Grand condo 2chambres à louer / Large 2-bedroom condo for rent,2300,"Des Explorateurs, Gatineau",https://www.kijiji.ca/v-apartments-condos/gatineau/grand-condo-2chambres-a-louer-large-2-bedroom-condo-for-rent/1728123715,1,1,950 sqft,Condo,1,N/A,"325 Boulevard Wilfrid-Lavigne, Gatineau, QC",Kijiji
"Whitby, full house $2800, 3 bedroom 2 bath finished basement",2800,"Blue Grass Creek, Whitby",https://www.kijiji.ca/v-apartments-condos/oshawa-durham-region/whitby-full-house-2800-3-bedroom-2-bath-finished-basement/1728950686,2,3,1400 sqft,House,3,Yes,"Kirby Crescent, Whitby, ON",Kijiji
January 1st - 1 BEDROOM FOR $1449! **,1449,"Crestview - Meadowlands, Ottawa",https://www.kijiji.ca/v-apartments-condos/ottawa/january-1st-1-bedroom-for-1449/1728947238,1,1,540 sqft,Apartment,0,Yes,"1720 Baseline Road, Ottawa, ON, K2C 0b9",Kijiji
1 BED 1 BATH - UNIT - APARTMENT BUILDING FOR RENT - 315 KING ST,1175,"Columbia, Waterloo",https://www.kijiji.ca/v-apartments-condos/kitchener-waterloo/1-bed-1-bath-unit-apartment-building-for-rent-315-king-st/1728947651,1,1,500 sqft,Apartment,0,N/A,"70-315 King St N, Waterloo, ON, N2J 2Z1",Kijiji
**ALL UTILITIES INCLUDED** Renovated Detached House!!,2700,"Thorold Proper, Thorold",https://www.kijiji.ca/v-apartments-condos/st-catharines/all-utilities-included-renovated-detached-house/1728947858,3,2,N/A,House,3,N/A,"137 Sullivan Avenue, Thorold, ON, L2V 2Z3",Kijiji
2 Bedrooms Apartment for Rent - 308 Seventh Street,1999,"Collingwood, Collingwood",https://www.kijiji.ca/v-apartments-condos/oakville-halton-region/2-bedrooms-apartment-for-rent-308-seventh-street/1728946986,2,1,N/A,Apartment,0,Yes,"308 Seventh Street, Collingwood, ON, L9Y 2B3",Kijiji
1 BED 1 BATH - UNIT - APARTMENT BUILDING FOR RENT - 315 KING ST,1175,"Columbia, Waterloo",https://www.kijiji.ca/v-apartments-condos/kitchener-waterloo/1-bed-1-bath-unit-apartment-building-for-rent-315-king-st/1728947642,1,1,500 sqft,Apartment,0,N/A,"75-315 King St N, Waterloo, ON, N2J 2Z1",Kijiji
Villeray Apartment à louer 3.5,1490,"Villeray, City of Montréal",https://www.kijiji.ca/v-apartments-condos/ville-de-montreal/villeray-apartment-a-louer-3-5/1728950580,1.5,1,750 sqft,Apartment,0,N/A,"Rue de Bordeaux, Montréal, H2E 2N2",Kijiji
"2Bed 2Bath Basement Apartment, Port Elgin",1850,"Saugeen Shores, Owen Sound",https://www.kijiji.ca/v-apartments-condos/owen-sound/2bed-2bath-basement-apartment-port-elgin/1728950577,2,2,750 sqft,Basement,2,N/A,"McLean Cres, Port Elgin, ON N0H 2C3",Kijiji
Bachelor Suite Available In Steinbach! Available December 15th!,725,"Steinbach, Steinbach",https://www.kijiji.ca/v-apartments-condos/winnipeg/bachelor-suite-available-in-steinbach-available-december-15th/1728950549,0,1,350 sqft,Apartment,1,N/A,"541 Barkman Avenue, Steinbach, MB",Kijiji
BRAND NEW 1-BEDROOM WALK-OUT BASEMENT APARTMENT,2000,"Wilson Meadows, Markham / York Region",https://www.kijiji.ca/v-apartments-condos/markham-york-region/brand-new-1-bedroom-walk-out-basement-apartment/1728950548,1,1,1000 sqft,Basement,1,N/A,"Mourning Dove Ln, Pickering, L0H 1J0",Kijiji
FOR RENT – Newly Renovated 3 Bedroom Main Floor,1700,"Mount Royal, Saskatoon",https://www.kijiji.ca/v-apartments-condos/saskatoon/for-rent-newly-renovated-3-bedroom-main-floor/1728950488,3,1,970 sqft,House,3,N/A,"Witney Ave N, Saskatoon, SK S7L 3M3",Kijiji
1 Bed 1 Bath Apartment,1794,"Williamsville, Kingston",https://www.kijiji.ca/v-apartments-condos/kingston-on/1-bed-1-bath-apartment/1728950479,0,1,300 sqft,Apartment,0,Yes,"575 Princess Street, Kingston, ON",Kijiji
PRIME LOCATION - All Inclusive 1 bedroom - Private Yard,1500,"Rosemount, Kitchener",https://www.kijiji.ca/v-apartments-condos/kitchener-waterloo/prime-location-all-inclusive-1-bedroom-private-yard/1728026717,1,1,700 sqft,Apartment,1,N/A,"Kitchener, ON N2B 2B5",Kijiji
PRIME OSHAWA - Lovely Studio Apartment,1275,"O'Neill, Oshawa",https://www.kijiji.ca/v-apartments-condos/oshawa-durham-region/prime-oshawa-lovely-studio-apartment/1728841600,0,1,600 sqft,Apartment,1,N/A,"Oshawa, ON L1G 4V4",Kijiji
PRIME LOCATION - All Inclusive 1 Bdrm - Walk to LRT,1225,"Kw Hospital, Kitchener",https://www.kijiji.ca/v-apartments-condos/kitchener-waterloo/prime-location-all-inclusive-1-bdrm-walk-to-lrt/1728105400,1,1,650 sqft,Apartment,1,N/A,"15 Gildner Street, Kitchener, ON",Kijiji
"4 bed, 2.5 bath semi in East-end of Kingston- 479 Fieldstone",2600,"Greenwood - St Lawrence South, Kingston",https://www.kijiji.ca/v-apartments-condos/kingston-on/4-bed-2-5-bath-semi-in-east-end-of-kingston-479-fieldstone/1728947361,4,2.5,N/A,Townhouse,2,N/A,"479 Fieldstone Dr, Kingston, ON, K7K 7E4",Kijiji
Spacious 2-Bedroom Apartment in Sydney,1595,"Shipyard, Sydney",https://www.kijiji.ca/v-apartments-condos/cape-breton/spacious-2-bedroom-apartment-in-sydney/1728947727,2,1,N/A,Apartment,1,N/A,"28 Bayview Street, Sydney, NS, B1S 2C5",Kijiji
1 BED 1 BATH - UNIT - APARTMENT BUILDING FOR RENT - 315 KING ST,1175,"Columbia, Waterloo",https://www.kijiji.ca/v-apartments-condos/kitchener-waterloo/1-bed-1-bath-unit-apartment-building-for-rent-315-king-st/1728947650,1,1,500 sqft,Apartment,0,N/A,"71-315 King St N, Waterloo, ON, N2J 2Z1",Kijiji
Parkdale 2 Bedroom Apartment for Rent - 90 Jameson Avenue,2399,"South Parkdale, Toronto",https://www.kijiji.ca/v-apartments-condos/city-of-toronto/parkdale-2-bedroom-apartment-for-rent-90-jameson-avenue/1728946958,2,1,917 sqft,Apartment,0,Yes,"90 Jameson Avenue, Toronto, ON, M6K 2X6",Kijiji
2 BED 1 BATH - MULTI UNIT - ABOVE GROUND FOR RENT - 59 BOWHILL C,2600,"Pleasant View, Toronto",https://www.kijiji.ca/v-apartments-condos/city-of-toronto/2-bed-1-bath-multi-unit-above-ground-for-rent-59-bowhill-c/1728947635,2,1,700 sqft,Duplex/Triplex,1,N/A,"2-59 Bowhill Crescent, Toronto, ON, M2H 3S1",Kijiji
2 Bedroom Apartment for Rent - 263 Millard Street,1999,Orillia,https://www.kijiji.ca/v-apartments-condos/barrie/2-bedroom-apartment-for-rent-263-millard-street/1728055826,2,1,846 sqft,Apartment,0,N/A,"263 Millard Street, Orillia, ON, L3V 4H2",Kijiji
1 Bedroom Apartment for Rent - 401 West Street North,1906,Orillia,https://www.kijiji.ca/v-apartments-condos/barrie/1-bedroom-apartment-for-rent-401-west-street-north/1727727419,1,1,720 sqft,Apartment,0,N/A,"401 West Street North, Orillia, ON, L3V 7A7",Kijiji
House for RENT,2199,"Roseland, Windsor",https://www.kijiji.ca/v-apartments-condos/windsor-area-on/house-for-rent/1727942017,3,1,1200 sqft,House,3,N/A,"Silverdale Drive, Windsor, ON",Kijiji
"Split-Level 2 Bedroom, Etobicoke! Dundas St. West and Islington",2000,"Islington, City of Toronto",https://www.kijiji.ca/v-apartments-condos/city-of-toronto/split-level-2-bedroom-etobicoke-dundas-st-west-and-islington/1726567165,2,1,N/A,Apartment,0,Yes,"5062-5078 Dundas Street West, Toronto, ON, M9A 1B9",Kijiji
4.5 Condo Appartement à louer-GRIFFINTOWN-tout inclus-WillRich,2325,City of Montréal,https://www.kijiji.ca/v-apartments-condos/ville-de-montreal/4-5-condo-appartement-a-louer-griffintown-tout-inclus-willrich/1701307643,2,1,N/A,Apartment,0,Yes,"1705 rue William, Montreal, QC, H3J 1R3",Kijiji
1 Bedroom Apartment for Rent in Etobicoke Kingsway Neighbourhood,1695,Toronto,https://www.kijiji.ca/v-apartments-condos/city-of-toronto/1-bedroom-apartment-for-rent-in-etobicoke-kingsway-neighbourhood/1709561600,1,1,N/A,Apartment,0,Yes,"12 Bexhill Court, Toronto, ON, M9A 3A8",Kijiji
Two bedroom unit in Alliston,1900,"New Tecumseth, New Tecumseth",https://www.kijiji.ca/v-apartments-condos/barrie/two-bedroom-unit-in-alliston/1727907471,2,1,750 sqft,Apartment,1,N/A,"118 Victoria Street East, Alliston, ON",Kijiji
1 Bdrm. Apt. for Rent in North St. Catharines - Lake & Arran Dr.,1595,St. Catharines,https://www.kijiji.ca/v-apartments-condos/st-catharines/1-bdrm-apt-for-rent-in-north-st-catharines-lake-arran-dr/1715096935,1,1,N/A,Apartment,0,Yes,"36 Arran Drive, St. Catharines, ON, L2N 6X5",Kijiji
Boucherville Beau 41/2 tout inclus libre ou 1er Décembre,1550,"Boucherville, Boucherville",https://www.kijiji.ca/v-apartments-condos/longueuil-rive-sud/boucherville-beau-41-2-tout-inclus-libre-ou-1er-decembre/1728951022,2,1,750 sqft,Apartment,0,N/A,"453 Rue Darontal, Boucherville, QC",Kijiji
Room for rent,675,"Harvest Hills, Calgary",https://www.kijiji.ca/v-apartments-condos/calgary/room-for-rent/1728951008,1,1,200 sqft,House,1,N/A,"Harvest Oak Dr NE, Calgary, AB T3K",Kijiji
Modern 1 Bedroom Basement Apartment – North Oakville,1800,"Glenorchy, Oakville",https://www.kijiji.ca/v-apartments-condos/oakville-halton-region/modern-1-bedroom-basement-apartment-north-oakville/1728950951,1,1,1000 sqft,Basement,1,N/A,"Oakville, ON L6H 0V9",Kijiji
Modern Condo With Expansive Private Terrace!,1800,Kitchener / Waterloo,https://www.kijiji.ca/v-apartments-condos/kitchener-waterloo/modern-condo-with-expansive-private-terrace/1726532052,1,1,707 sqft,Condo,1,Yes,"55 Duke Street West, Kitchener, ON, N2H 0C9",Kijiji
Basement for rent in Taradale Ne,1100,"Taradale, Calgary",https://www.kijiji.ca/v-apartments-condos/calgary/basement-for-rent-in-taradale-ne/1728950943,2,1,1300 sqft,Basement,1,N/A,"101 Taracove Estate Dr NE, Calgary, AB T3J 4R1",Kijiji
Luxury Condo in DT Toronto for Rent,3600,"Yorkville, Toronto",https://www.kijiji.ca/v-apartments-condos/city-of-toronto/luxury-condo-in-dt-toronto-for-rent/1728950852,2,2,900 sqft,Condo,1,Yes,"Davenport Road, Toronto, ON",Kijiji
Basement Apartment for Rent with Parking,1500,"Downtown, Mississauga / Peel Region",https://www.kijiji.ca/v-apartments-condos/mississauga-peel-region/basement-apartment-for-rent-with-parking/1728950851,1.5,1,800 sqft,Basement,1,Yes,"18 Wellington St W, Brampton, ON L6Y 1K5",Kijiji
Appartement à louer gatineau 2 chambres,1700,"Du Plateau, Gatineau",https://www.kijiji.ca/v-apartments-condos/gatineau/appartement-a-louer-gatineau-2-chambres/1728950850,2,1,1250 sqft,Apartment,1,N/A,"Gatineau, QC J9J 4A6",Kijiji
House for rent,1000,"Westridge, Edmonton",https://www.kijiji.ca/v-apartments-condos/edmonton/house-for-rent/1728950837,2,1,1200 sqft,House,2,Yes,"Edmonton, AB, T5T1C4",Kijiji
super quiet clean furnished room For rent Brampton,730,"Northwood Park, Mississauga / Peel Region",https://www.kijiji.ca/v-apartments-condos/mississauga-peel-region/super-quiet-clean-furnished-room-for-rent-brampton/1728950827,1,1,1200 sqft,House,1,N/A,"8 Leneck Ave, Brampton, ON L6X 2A7",Kijiji
LARGE FURNISHED RENOVATED BACHELOR in BASEMENT-SEPARATE KITCHEN,950,"Bathurst Manor, North York",https://www.kijiji.ca/v-apartments-condos/city-of-toronto/large-furnished-renovated-bachelor-in-basement-separate-kitchen/1728950787,0,1,600 sqft,Basement,0,N/A,"North York, ON M3H 4V8",Kijiji
2 BEDROOM T/H IN SW BARRIE--NEWLY RENOVATED--INCREDIBLE VALUE,2195,"Barrie, Barrie",https://www.kijiji.ca/v-apartments-condos/barrie/2-bedroom-t-h-in-sw-barrie-newly-renovated-incredible-value/1728190215,2,1,980 sqft,Townhouse,2,Yes,"8 Black Cherry Crescent, Barrie, ON, L4N 9L3",Kijiji
3 BEDROOM T/H--AWESOME HOME FOR AWESOME PRICE--SW BARRIE,2395,"Barrie, Barrie",https://www.kijiji.ca/v-apartments-condos/barrie/3-bedroom-t-h-awesome-home-for-awesome-price-sw-barrie/1728210388,3,2,1278 sqft,Townhouse,2,Yes,"8 Black Cherry Crescent, Barrie, ON, L4N 9L3",Kijiji
One bedroom suite for rent in Rosscarrock.,1200,"Rosscarrock, Calgary",https://www.kijiji.ca/v-apartments-condos/calgary/one-bedroom-suite-for-rent-in-rosscarrock/1728950753,1,1,950 sqft,Basement,1,Yes,"4223 7 Ave SW, Calgary, AB T3C 0E3",Kijiji
À LOUER 2 ½ meublé et équipé Plateau-Mont-Royal,1390,"De Lorimier, Montréal",https://www.kijiji.ca/v-apartments-condos/ville-de-montreal/a-louer-2-meuble-et-equipe-plateau-mont-royal/1722677622,0,1,338 sqft,Condo,0,N/A,"Montréal, QC H2K 3X5",Kijiji
1 BED 1 BATH APARTMENT,1499,"Corman, Hamilton",https://www.kijiji.ca/v-apartments-condos/hamilton/1-bed-1-bath-apartment/1727958355,1,1,650 sqft,Apartment,0,Yes,"132 Gailmont Drive, Hamilton, ON",Kijiji
Fully Furnished Executive 5 bedrooms with walkout basement house,3950,"Diamond Cove, Calgary",https://www.kijiji.ca/v-apartments-condos/calgary/fully-furnished-executive-5-bedrooms-with-walkout-basement-house/1726610208,5,3.5,3300 sqft,House,3,N/A,"Diamond Dr SE, Calgary, AB",Kijiji
Superbe bungalow à louer au quartier cheval blanc à Gatineau,3200,"Rivière-Blanche, Gatineau",https://www.kijiji.ca/v-apartments-condos/gatineau/superbe-bungalow-a-louer-au-quartier-cheval-blanc-a-gatineau/1728772064,2,2,7459 sqft,House,1,N/A,"Rue des Frères-Vachon, Gatineau, QC",Kijiji
2 bedroom Apartment,1800,"Sudbury, Sudbury",https://www.kijiji.ca/v-apartments-condos/sudbury/2-bedroom-apartment/1728949963,2,1,850 sqft,Apartment,1,N/A,"131 Adie St, Greater Sudbury, ON P3C 2C9",Kijiji
Grand condo 2chambres à louer / Large 2-bedroom condo for rent,2300,"Des Explorateurs, Gatineau",https://www.kijiji.ca/v-apartments-condos/gatineau/grand-condo-2chambres-a-louer-large-2-bedroom-condo-for-rent/1728123715,1,1,950 sqft,Condo,1,N/A,"325 Boulevard Wilfrid-Lavigne, Gatineau, QC",Kijiji
"Whitby, full house $2800, 3 bedroom 2 bath finished basement",2800,"Blue Grass Creek, Whitby",https://www.kijiji.ca/v-apartments-condos/oshawa-durham-region/whitby-full-house-2800-3-bedroom-2-bath-finished-basement/1728950686,2,3,1400 sqft,House,3,Yes,"Kirby Crescent, Whitby, ON",Kijiji
January 1st - 1 BEDROOM FOR $1449! **,1449,"Crestview - Meadowlands, Ottawa",https://www.kijiji.ca/v-apartments-condos/ottawa/january-1st-1-bedroom-for-1449/1728947238,1,1,540 sqft,Apartment,0,Yes,"1720 Baseline Road, Ottawa, ON, K2C 0b9",Kijiji
1 BED 1 BATH - UNIT - APARTMENT BUILDING FOR RENT - 315 KING ST,1175,"Columbia, Waterloo",https://www.kijiji.ca/v-apartments-condos/kitchener-waterloo/1-bed-1-bath-unit-apartment-building-for-rent-315-king-st/1728947651,1,1,500 sqft,Apartment,0,N/A,"70-315 King St N, Waterloo, ON, N2J 2Z1",Kijiji
2 Bedrooms Apartment for Rent - 308 Seventh Street,1999,"Collingwood, Collingwood",https://www.kijiji.ca/v-apartments-condos/oakville-halton-region/2-bedrooms-apartment-for-rent-308-seventh-street/1728946986,2,1,N/A,Apartment,0,Yes,"308 Seventh Street, Collingwood, ON, L9Y 2B3",Kijiji
1 BED 1 BATH - UNIT - APARTMENT BUILDING FOR RENT - 315 KING ST,1175,"Columbia, Waterloo",https://www.kijiji.ca/v-apartments-condos/kitchener-waterloo/1-bed-1-bath-unit-apartment-building-for-rent-315-king-st/1728947642,1,1,500 sqft,Apartment,0,N/A,"75-315 King St N, Waterloo, ON, N2J 2Z1",Kijiji
**ALL UTILITIES INCLUDED** Renovated Detached House!!,2700,"Thorold Proper, Thorold",https://www.kijiji.ca/v-apartments-condos/st-catharines/all-utilities-included-renovated-detached-house/1728947858,3,2,N/A,House,3,N/A,"137 Sullivan Avenue, Thorold, ON, L2V 2Z3",Kijiji
Villeray Apartment à louer 3.5,1490,"Villeray, City of Montréal",https://www.kijiji.ca/v-apartments-condos/ville-de-montreal/villeray-apartment-a-louer-3-5/1728950580,1.5,1,750 sqft,Apartment,0,N/A,"Rue de Bordeaux, Montréal, H2E 2N2",Kijiji
"2Bed 2Bath Basement Apartment, Port Elgin",1850,"Saugeen Shores, Owen Sound",https://www.kijiji.ca/v-apartments-condos/owen-sound/2bed-2bath-basement-apartment-port-elgin/1728950577,2,2,750 sqft,Basement,2,N/A,"McLean Cres, Port Elgin, ON N0H 2C3",Kijiji
Bachelor Suite Available In Steinbach! Available December 15th!,725,"Steinbach, Steinbach",https://www.kijiji.ca/v-apartments-condos/winnipeg/bachelor-suite-available-in-steinbach-available-december-15th/1728950549,0,1,350 sqft,Apartment,1,N/A,"541 Barkman Avenue, Steinbach, MB",Kijiji
BRAND NEW 1-BEDROOM WALK-OUT BASEMENT APARTMENT,2000,"Wilson Meadows, Markham / York Region",https://www.kijiji.ca/v-apartments-condos/markham-york-region/brand-new-1-bedroom-walk-out-basement-apartment/1728950548,1,1,1000 sqft,Basement,1,N/A,"Mourning Dove Ln, Pickering, L0H 1J0",Kijiji
FOR RENT – Newly Renovated 3 Bedroom Main Floor,1700,"Mount Royal, Saskatoon",https://www.kijiji.ca/v-apartments-condos/saskatoon/for-rent-newly-renovated-3-bedroom-main-floor/1728950488,3,1,970 sqft,House,3,N/A,"Witney Ave N, Saskatoon, SK S7L 3M3",Kijiji
1 Bed 1 Bath Apartment,1794,"Williamsville, Kingston",https://www.kijiji.ca/v-apartments-condos/kingston-on/1-bed-1-bath-apartment/1728950479,0,1,300 sqft,Apartment,0,Yes,"575 Princess Street, Kingston, ON",Kijiji
PRIME LOCATION - All Inclusive 1 bedroom - Private Yard,1500,"Rosemount, Kitchener",https://www.kijiji.ca/v-apartments-condos/kitchener-waterloo/prime-location-all-inclusive-1-bedroom-private-yard/1728026717,1,1,700 sqft,Apartment,1,N/A,"Kitchener, ON N2B 2B5",Kijiji
PRIME OSHAWA - Lovely Studio Apartment,1275,"O'Neill, Oshawa",https://www.kijiji.ca/v-apartments-condos/oshawa-durham-region/prime-oshawa-lovely-studio-apartment/1728841600,0,1,600 sqft,Apartment,1,N/A,"Oshawa, ON L1G 4V4",Kijiji
PRIME LOCATION - All Inclusive 1 Bdrm - Walk to LRT,1225,"Kw Hospital, Kitchener",https://www.kijiji.ca/v-apartments-condos/kitchener-waterloo/prime-location-all-inclusive-1-bdrm-walk-to-lrt/1728105400,1,1,650 sqft,Apartment,1,N/A,"15 Gildner Street, Kitchener, ON",Kijiji
"4 bed, 2.5 bath semi in East-end of Kingston- 479 Fieldstone",2600,"Greenwood - St Lawrence South, Kingston",https://www.kijiji.ca/v-apartments-condos/kingston-on/4-bed-2-5-bath-semi-in-east-end-of-kingston-479-fieldstone/1728947361,4,2.5,N/A,Townhouse,2,N/A,"479 Fieldstone Dr, Kingston, ON, K7K 7E4",Kijiji
Spacious 2-Bedroom Apartment in Sydney,1595,"Shipyard, Sydney",https://www.kijiji.ca/v-apartments-condos/cape-breton/spacious-2-bedroom-apartment-in-sydney/1728947727,2,1,N/A,Apartment,1,N/A,"28 Bayview Street, Sydney, NS, B1S 2C5",Kijiji
1 BED 1 BATH - UNIT - APARTMENT BUILDING FOR RENT - 315 KING ST,1175,"Columbia, Waterloo",https://www.kijiji.ca/v-apartments-condos/kitchener-waterloo/1-bed-1-bath-unit-apartment-building-for-rent-315-king-st/1728947650,1,1,500 sqft,Apartment,0,N/A,"71-315 King St N, Waterloo, ON, N2J 2Z1",Kijiji
Parkdale 2 Bedroom Apartment for Rent - 90 Jameson Avenue,2399,"South Parkdale, Toronto",https://www.kijiji.ca/v-apartments-condos/city-of-toronto/parkdale-2-bedroom-apartment-for-rent-90-jameson-avenue/1728946958,2,1,917 sqft,Apartment,0,Yes,"90 Jameson Avenue, Toronto, ON, M6K 2X6",Kijiji
2 BED 1 BATH - MULTI UNIT - ABOVE GROUND FOR RENT - 59 BOWHILL C,2600,"Pleasant View, Toronto",https://www.kijiji.ca/v-apartments-condos/city-of-toronto/2-bed-1-bath-multi-unit-above-ground-for-rent-59-bowhill-c/1728947635,2,1,700 sqft,Duplex/Triplex,1,N/A,"2-59 Bowhill Crescent, Toronto, ON, M2H 3S1",Kijiji
*1 MONTH FREE* LARGE 1-bedroom apartment in Ahuntsic - ID 2927,1595,Montreal,https://www.kijiji.ca/v-apartments-condos/ville-de-montreal/1-month-free-large-1-bedroom-apartment-in-ahuntsic-id-2927/1724905198,1,1,945 sqft,Apartment,0,Yes,"9675 Av. Papineau, Montreal, QC, H2B 3C8",Kijiji
Newly renovated basement unit with large windows for rent,1800,"LaSalle, Windsor",https://www.kijiji.ca/v-apartments-condos/windsor-area-on/newly-renovated-basement-unit-with-large-windows-for-rent/1728764407,2,1,1000 sqft,House,2,Yes,"Windsor, ON N9J 1G3",Kijiji
The Bravado Apartments - 2 Bedroom Apartment for Rent,1715,Winnipeg,https://www.kijiji.ca/v-apartments-condos/winnipeg/the-bravado-apartments-2-bedroom-apartment-for-rent/1708207085,2,2,838 sqft,Apartment,0,N/A,"15 Cooper's Town Road, Winnipeg, MB, R3Y 2E3",Kijiji
Bright & Large 1 Bedroom Apt (Basement),1550,"Vanier South, Ottawa",https://www.kijiji.ca/v-apartments-condos/ottawa/bright-large-1-bedroom-apt-basement/1728605616,1,1,800 sqft,Apartment,1,Yes,"Ottawa, Vanier, ON K1L 6N4",Kijiji
The Lonsdale - 1 Bedroom Apartment for Rent,2495,North Vancouver,https://www.kijiji.ca/v-apartments-condos/vancouver/the-lonsdale-1-bedroom-apartment-for-rent/1727843171,1,1,516 sqft,Apartment,0,Yes,"108 13th Street West, North Vancouver, BC, V7M 0G8",Kijiji
2 Bedroom Apartment for Rent in Welland! Fitch & Prince Charles,1775,St. Catharines,https://www.kijiji.ca/v-apartments-condos/st-catharines/2-bedroom-apartment-for-rent-in-welland-fitch-prince-charles/1661529700,2,1,N/A,Apartment,0,Yes,"158 Fitch Street, Welland, ON, L3C 5R7",Kijiji
Melvin Apartments - Renovated 2 Bedroom Apartment for Rent,1599,Hamilton,https://www.kijiji.ca/v-apartments-condos/hamilton/melvin-apartments-renovated-2-bedroom-apartment-for-rent/1708206512,2,1,N/A,Apartment,0,Yes,"221 Melvin Avenue, Hamilton, ON, L8H 2K1",Kijiji
Frederick Apartments - 2 Bedroom Renovated Apartment for Rent,1999,Kitchener,https://www.kijiji.ca/v-apartments-condos/kitchener-waterloo/frederick-apartments-2-bedroom-renovated-apartment-for-rent/1711280922,2,1,N/A,Apartment,0,Yes,"250 Frederick Street, Kitchener, ON, N2H 2N1",Kijiji
Grange Apartments - Renovated 2 Bedroom Apartment for Rent,2199,Toronto,https://www.kijiji.ca/v-apartments-condos/city-of-toronto/grange-apartments-renovated-2-bedroom-apartment-for-rent/1720703644,2,1,N/A,Apartment,0,Yes,"168 Grange Avenue, Toronto, ON, M5T 1E3",Kijiji
Guestville Apartments - 1 Bedroom Apartment for Rent,1799,Toronto,https://www.kijiji.ca/v-apartments-condos/city-of-toronto/guestville-apartments-1-bedroom-apartment-for-rent/1712253901,1,1,N/A,Apartment,0,N/A,"80 Guestville Avenue, Toronto, ON, M6N 4N3",Kijiji
Brant Apartments - Renovated 2 bedroom Apartment for Rent,2099,Guelph,https://www.kijiji.ca/v-apartments-condos/guelph/brant-apartments-renovated-2-bedroom-apartment-for-rent/1714341364,2,1,1200 sqft,Apartment,0,Yes,"8 Brant Ave, Guelph, ON, N1E 1E7",Kijiji
Bold Street Apartments - Bachelor Apartment for Rent,1125,"Durand, Hamilton",https://www.kijiji.ca/v-apartments-condos/hamilton/bold-street-apartments-bachelor-apartment-for-rent/1728260111,0,1,N/A,Apartment,0,Yes,"125 Bold Street, Hamilton, ON, L8P 1T9",Kijiji
3250 Keele Apartments - Renovated 1 Bedroom Apartment for Rent,1799,Toronto,https://www.kijiji.ca/v-apartments-condos/city-of-toronto/3250-keele-apartments-renovated-1-bedroom-apartment-for-rent/1716060797,1,1,750 sqft,Apartment,0,Yes,"3250 Keele Street, Toronto, ON, M3M 3C5",Kijiji
2 Beds 1 Bath Suite (Burnaby Highgate),2332,"Edmonds-Highgate Village, Burnaby",https://www.kijiji.ca/v-apartments-condos/burnaby-new-westminster/2-beds-1-bath-suite-burnaby-highgate/1728951087,2,1,830 sqft,Apartment,0,N/A,"7111 Salisbury Avenue, Burnaby, BC",Kijiji
3 bedroom house for rent in Pickering,2800,"Bay Ridges, Oshawa / Durham Region",https://www.kijiji.ca/v-apartments-condos/oshawa-durham-region/3-bedroom-house-for-rent-in-pickering/1728951086,3,1,1800 sqft,House,2,Yes,"Pickering, ON, L1W 1S5",Kijiji
4 1/2 À LOUER LAVAL (VIMONT)-,1575,Laval,https://www.kijiji.ca/v-apartments-condos/laval-rive-nord/4-1-2-a-louer-laval-vimont/1720485980,2,1,N/A,Apartment,0,N/A,"22 Saint-Elzéar Ouest, Laval, QC, H7M 1E2",Kijiji
"5 1/2 À LOUER ST-HUBERT - BLOC TRANQUILLE, PROPRE, PISCINE",1600,Longueuil / South Shore,https://www.kijiji.ca/v-apartments-condos/longueuil-rive-sud/5-1-2-a-louer-st-hubert-bloc-tranquille-propre-piscine/1727187644,3,1,N/A,Apartment,0,N/A,"2640 rue Quévillon, St-Hubert, QC, J3Y 6K2",Kijiji
4 1/2 À LOUER BOISBRIAND - RÉNOVÉ ET PROPRE,1500,Boisbriand,https://www.kijiji.ca/v-apartments-condos/laval-rive-nord/4-1-2-a-louer-boisbriand-renove-et-propre/1713013878,2,1,N/A,Apartment,0,N/A,"234 rue Pierrefontaine, Boisbriand, QC, J7G 1Y4",Kijiji
"APPARTEMENT 2 1/2 À LOUER MONTRÉAL - RÉNOVÉ, CHAUFFÉ",1150,Montréal,https://www.kijiji.ca/v-apartments-condos/ville-de-montreal/appartement-2-1-2-a-louer-montreal-renove-chauffe/1718753379,0,1,N/A,Apartment,0,N/A,"1020 rue de Salaberry, Montréal, QC, H3L 1L3",Kijiji
4 1/2 À LOUER LAVAL (VIMONT)-,1700,Laval,https://www.kijiji.ca/v-apartments-condos/laval-rive-nord/4-1-2-a-louer-laval-vimont/1726251532,2,1,N/A,Apartment,0,N/A,"22 Saint-Elzéar Ouest, Laval, QC, H7M 1E2",Kijiji
"4 1/2 À LOUER BOUCHERVILLE - BLOC BÉTON, ACENSEUR, TOUT INCLUS",1550,Boucherville,https://www.kijiji.ca/v-apartments-condos/longueuil-rive-sud/4-1-2-a-louer-boucherville-bloc-beton-acenseur-tout-inclus/1718539775,2,1,N/A,Apartment,0,N/A,"453 Rue Darontal, Boucherville, QC, J4B 6J4",Kijiji
"4 1/2 À LOUER LAVAL - BLOC BÉTON, ASCENSEUR, BORD DE L'EAU",1700,Laval,https://www.kijiji.ca/v-apartments-condos/laval-rive-nord/4-1-2-a-louer-laval-bloc-beton-ascenseur-bord-de-leau/1726132908,2,1,N/A,Apartment,0,N/A,"1750 boul. Lévesque est, Laval, QC, H7G 4S1",Kijiji
"APPARTEMENT (3 1/2) MONTRÉAL - RENOVÉ, CHAUFFÉ",1350,City of Montréal,https://www.kijiji.ca/v-apartments-condos/ville-de-montreal/appartement-3-1-2-montreal-renove-chauffe/1714257686,1,1,N/A,Apartment,0,N/A,"1020 rue de Salaberry, Montréal, QC, H3L 1L3",Kijiji
"5 1/2 À LOUER CANDIAC - STYLE CONDO, RÉNOVÉ, PISCINE CREUSÉE",1700,Candiac,https://www.kijiji.ca/v-apartments-condos/longueuil-rive-sud/5-1-2-a-louer-candiac-style-condo-renove-piscine-creusee/1728269982,3,1,N/A,Apartment,0,N/A,"53 rue Place Mercier, Candiac, QC, J5R 4V9",Kijiji
"4 1/2 À LOUER LAVAL - BLOC BÉTON, BORD DE L'EAU, TOUT INCLUS",1600,Laval,https://www.kijiji.ca/v-apartments-condos/laval-rive-nord/4-1-2-a-louer-laval-bloc-beton-bord-de-leau-tout-inclus/1724826884,2,1,N/A,Apartment,0,N/A,"1700 boul. Lévesque est, Laval, QC, H7G 4Z2",Kijiji
Boucherville Beau 41/2 tout inclus libre ou 1er Décembre,1550,"Boucherville, Boucherville",https://www.kijiji.ca/v-apartments-condos/longueuil-rive-sud/boucherville-beau-41-2-tout-inclus-libre-ou-1er-decembre/1728951022,2,1,750 sqft,Apartment,0,N/A,"453 Rue Darontal, Boucherville, QC",Kijiji
Room for rent,675,"Harvest Hills, Calgary",https://www.kijiji.ca/v-apartments-condos/calgary/room-for-rent/1728951008,1,1,200 sqft,House,1,N/A,"Harvest Oak Dr NE, Calgary, AB T3K",Kijiji
Modern 1 Bedroom Basement Apartment – North Oakville,1800,"Glenorchy, Oakville",https://www.kijiji.ca/v-apartments-condos/oakville-halton-region/modern-1-bedroom-basement-apartment-north-oakville/1728950951,1,1,1000 sqft,Basement,1,N/A,"Oakville, ON L6H 0V9",Kijiji
Modern Condo With Expansive Private Terrace!,1800,Kitchener / Waterloo,https://www.kijiji.ca/v-apartments-condos/kitchener-waterloo/modern-condo-with-expansive-private-terrace/1726532052,1,1,707 sqft,Condo,1,Yes,"55 Duke Street West, Kitchener, ON, N2H 0C9",Kijiji
Basement for rent in Taradale Ne,1100,"Taradale, Calgary",https://www.kijiji.ca/v-apartments-condos/calgary/basement-for-rent-in-taradale-ne/1728950943,2,1,1300 sqft,Basement,1,N/A,"101 Taracove Estate Dr NE, Calgary, AB T3J 4R1",Kijiji
Luxury Condo in DT Toronto for Rent,3600,"Yorkville, Toronto",https://www.kijiji.ca/v-apartments-condos/city-of-toronto/luxury-condo-in-dt-toronto-for-rent/1728950852,2,2,900 sqft,Condo,1,Yes,"Davenport Road, Toronto, ON",Kijiji
Basement Apartment for Rent with Parking,1500,"Downtown, Mississauga / Peel Region",https://www.kijiji.ca/v-apartments-condos/mississauga-peel-region/basement-apartment-for-rent-with-parking/1728950851,1.5,1,800 sqft,Basement,1,Yes,"18 Wellington St W, Brampton, ON L6Y 1K5",Kijiji
Appartement à louer gatineau 2 chambres,1700,"Du Plateau, Gatineau",https://www.kijiji.ca/v-apartments-condos/gatineau/appartement-a-louer-gatineau-2-chambres/1728950850,2,1,1250 sqft,Apartment,1,N/A,"Gatineau, QC J9J 4A6",Kijiji
House for rent,1000,"Westridge, Edmonton",https://www.kijiji.ca/v-apartments-condos/edmonton/house-for-rent/1728950837,2,1,1200 sqft,House,2,Yes,"Edmonton, AB, T5T1C4",Kijiji
super quiet clean furnished room For rent Brampton,730,"Northwood Park, Mississauga / Peel Region",https://www.kijiji.ca/v-apartments-condos/mississauga-peel-region/super-quiet-clean-furnished-room-for-rent-brampton/1728950827,1,1,1200 sqft,House,1,N/A,"8 Leneck Ave, Brampton, ON L6X 2A7",Kijiji
LARGE FURNISHED RENOVATED BACHELOR in BASEMENT-SEPARATE KITCHEN,950,"Bathurst Manor, North York",https://www.kijiji.ca/v-apartments-condos/city-of-toronto/large-furnished-renovated-bachelor-in-basement-separate-kitchen/1728950787,0,1,600 sqft,Basement,0,N/A,"North York, ON M3H 4V8",Kijiji
2 BEDROOM T/H IN SW BARRIE--NEWLY RENOVATED--INCREDIBLE VALUE,2195,"Barrie, Barrie",https://www.kijiji.ca/v-apartments-condos/barrie/2-bedroom-t-h-in-sw-barrie-newly-renovated-incredible-value/1728190215,2,1,980 sqft,Townhouse,2,Yes,"8 Black Cherry Crescent, Barrie, ON, L4N 9L3",Kijiji
3 BEDROOM T/H--AWESOME HOME FOR AWESOME PRICE--SW BARRIE,2395,"Barrie, Barrie",https://www.kijiji.ca/v-apartments-condos/barrie/3-bedroom-t-h-awesome-home-for-awesome-price-sw-barrie/1728210388,3,2,1278 sqft,Townhouse,2,Yes,"8 Black Cherry Crescent, Barrie, ON, L4N 9L3",Kijiji
One bedroom suite for rent in Rosscarrock.,1200,"Rosscarrock, Calgary",https://www.kijiji.ca/v-apartments-condos/calgary/one-bedroom-suite-for-rent-in-rosscarrock/1728950753,1,1,950 sqft,Basement,1,Yes,"4223 7 Ave SW, Calgary, AB T3C 0E3",Kijiji
À LOUER 2 ½ meublé et équipé Plateau-Mont-Royal,1390,"De Lorimier, Montréal",https://www.kijiji.ca/v-apartments-condos/ville-de-montreal/a-louer-2-meuble-et-equipe-plateau-mont-royal/1722677622,0,1,338 sqft,Condo,0,N/A,"Montréal, QC H2K 3X5",Kijiji
1 BED 1 BATH APARTMENT,1499,"Corman, Hamilton",https://www.kijiji.ca/v-apartments-condos/hamilton/1-bed-1-bath-apartment/1727958355,1,1,650 sqft,Apartment,0,Yes,"132 Gailmont Drive, Hamilton, ON",Kijiji
Fully Furnished Executive 5 bedrooms with walkout basement house,3950,"Diamond Cove, Calgary",https://www.kijiji.ca/v-apartments-condos/calgary/fully-furnished-executive-5-bedrooms-with-walkout-basement-house/1726610208,5,3.5,3300 sqft,House,3,N/A,"Diamond Dr SE, Calgary, AB",Kijiji
Superbe bungalow à louer au quartier cheval blanc à Gatineau,3200,"Rivière-Blanche, Gatineau",https://www.kijiji.ca/v-apartments-condos/gatineau/superbe-bungalow-a-louer-au-quartier-cheval-blanc-a-gatineau/1728772064,2,2,7459 sqft,House,1,N/A,"Rue des Frères-Vachon, Gatineau, QC",Kijiji
2 bedroom Apartment,1800,"Sudbury, Sudbury",https://www.kijiji.ca/v-apartments-condos/sudbury/2-bedroom-apartment/1728949963,2,1,850 sqft,Apartment,1,N/A,"131 Adie St, Greater Sudbury, ON P3C 2C9",Kijiji
Grand condo 2chambres à louer / Large 2-bedroom condo for rent,2300,"Des Explorateurs, Gatineau",https://www.kijiji.ca/v-apartments-condos/gatineau/grand-condo-2chambres-a-louer-large-2-bedroom-condo-for-rent/1728123715,1,1,950 sqft,Condo,1,N/A,"325 Boulevard Wilfrid-Lavigne, Gatineau, QC",Kijiji
"Whitby, full house $2800, 3 bedroom 2 bath finished basement",2800,"Blue Grass Creek, Whitby",https://www.kijiji.ca/v-apartments-condos/oshawa-durham-region/whitby-full-house-2800-3-bedroom-2-bath-finished-basement/1728950686,2,3,1400 sqft,House,3,Yes,"Kirby Crescent, Whitby, ON",Kijiji
1½ 2½ 3½ 4½ - NDG/COTE ST-LUC - Appartement a loué TOUT INCLUS,1075,City of Montréal,https://www.kijiji.ca/v-apartments-condos/ville-de-montreal/1-2-3-4-ndg-cote-st-luc-appartement-a-loue-tout-inclus/1525863879,0,1,N/A,Apartment,0,N/A,"6201 Sherbrooke Ouest, Notre-Dame-de-Grâce, QC, H4B 1M5",Kijiji
Spacious 3-Bedroom at 24 Elm,795,Kingston,https://www.kijiji.ca/v-apartments-condos/kingston-on/spacious-3-bedroom-at-24-elm/1718855085,3,1,N/A,Apartment,0,Yes,"24 Elm Street, Kingston, ON, K7L 0E7",Kijiji
New Concrete Building Downtown with Gym and FREE rent!,1620,Fredericton,https://www.kijiji.ca/v-apartments-condos/fredericton/new-concrete-building-downtown-with-gym-and-free-rent/1700766450,1,1,N/A,Apartment,1,Yes,"264 Rookwood Avenue, Fredericton, NB, E3B 1A3",Kijiji
"Studio, 1, 2, 3 Bedroom Suites Available Now!",2200,Tricities/Pitt/Maple,https://www.kijiji.ca/v-apartments-condos/tricities-pitt-maple/studio-1-2-3-bedroom-suites-available-now/1698547499,1,1,N/A,Apartment,0,Yes,"430 Westview Street, Coquitlam, BC, V3K 3W4",Kijiji
Great 2 Bedroom Apartment for Rent Minutes to Downtown Cambridge,1825,Cambridge,https://www.kijiji.ca/v-apartments-condos/cambridge/great-2-bedroom-apartment-for-rent-minutes-to-downtown-cambridge/1712572665,2,1,N/A,Apartment,0,N/A,"190 Cedar Street, Cambridge, ON, N1S 4T7",Kijiji
Très beau 3 ½ – Métro Cartier,1190,"Pont-Viau, Laval",https://www.kijiji.ca/v-apartments-condos/laval-rive-nord/tres-beau-3-metro-cartier/1726920291,1,1,600 sqft,Apartment,0,N/A,"Laval, QC H7G 3B2, Canada",Kijiji
"Joli condo meublé-tout inclus, all included, Petite Patrie",1450,"Étienne Desmarteaux, Montréal",https://www.kijiji.ca/v-apartments-condos/ville-de-montreal/joli-condo-meuble-tout-inclus-all-included-petite-patrie/1728951245,1,1,550 sqft,Condo,0,N/A,"Montreal, QC H1Y 3C6",Kijiji
Studio Apartment for Rent - 55 Triller Ave,1658,Toronto,https://www.kijiji.ca/v-apartments-condos/city-of-toronto/studio-apartment-for-rent-55-triller-ave/1727893044,0,1,419 sqft,Apartment,0,N/A,"55 Triller Ave, Toronto, ON, M6R 2H6",Kijiji
Newly Renovated Apartment! Located In West Broadway Area!,1150,"West Broadway, Winnipeg",https://www.kijiji.ca/v-apartments-condos/winnipeg/newly-renovated-apartment-located-in-west-broadway-area/1728951124,1,1,550 sqft,Apartment,1,N/A,"Winnipeg, MB R3C 1Z1",Kijiji
Webster Apartments - 2 Bedroom Apartment Apartment for Rent,1540,London,https://www.kijiji.ca/v-apartments-condos/london/webster-apartments-2-bedroom-apartment-apartment-for-rent/1728581182,2,1,N/A,Apartment,0,N/A,"1270 Webster Street, London, ON, N5V 3P3",Kijiji
Guestville Apartments - 2 Bedroom Apartment for Rent,2199,City of Toronto,https://www.kijiji.ca/v-apartments-condos/city-of-toronto/guestville-apartments-2-bedroom-apartment-for-rent/1709974392,2,1,N/A,Apartment,0,N/A,"80 Guestville Avenue, Toronto, ON, M6N 4N3",Kijiji
O'Connor Apartments - 1 Bedroom Apartment for Rent,1640,East York,https://www.kijiji.ca/v-apartments-condos/markham-york-region/oconnor-apartments-1-bedroom-apartment-for-rent/1727893604,1,1,N/A,Apartment,0,Yes,"994 O'Connor Drive, East York, ON, M4B 2T3",Kijiji
Bold Street Apartments - 1 Bedroom Apartment for Rent,1299,Hamilton,https://www.kijiji.ca/v-apartments-condos/hamilton/bold-street-apartments-1-bedroom-apartment-for-rent/1710165977,1,1,N/A,Apartment,0,Yes,"125 Bold Street, Hamilton, ON, L8P 1T9",Kijiji
Crystal Heights Apartments - Renovated 1 Bedroom Apartment for R,1440,Sault Ste. Marie,https://www.kijiji.ca/v-apartments-condos/sault-ste-marie/crystal-heights-apartments-renovated-1-bedroom-apartment-for-r/1714722579,1,1,N/A,Apartment,0,Yes,"24 Clearview Drive, Sault Ste. Marie, ON, P6B 5Z6",Kijiji
Bathurst Apartments - 1 Bedroom Apartment for Rent,1800,Toronto,https://www.kijiji.ca/v-apartments-condos/city-of-toronto/bathurst-apartments-1-bedroom-apartment-for-rent/1726152535,1,1,N/A,Apartment,0,Yes,"3459 Bathurst Street, Toronto, ON, M6A 2C5",Kijiji
285 Melvin Apartments - 1 Bedroom Apartment for Rent,1440,Hamilton,https://www.kijiji.ca/v-apartments-condos/hamilton/285-melvin-apartments-1-bedroom-apartment-for-rent/1708206414,1,1,700 sqft,Apartment,0,Yes,"285 Melvin Ave, Hamilton, ON, L8H 2K4",Kijiji
3250 Keele Apartments - Bachelor with balcony Apartment for Rent,1649,City of Toronto,https://www.kijiji.ca/v-apartments-condos/city-of-toronto/3250-keele-apartments-bachelor-with-balcony-apartment-for-rent/1727200931,0,1,N/A,Apartment,0,Yes,"3250 Keele Street, Toronto, ON, M3M 3C5",Kijiji
Dawes Apartments - Renovated 1 Bedroom Apartment for Rent,1640,East York,https://www.kijiji.ca/v-apartments-condos/markham-york-region/dawes-apartments-renovated-1-bedroom-apartment-for-rent/1722419336,1,1,750 sqft,Apartment,0,N/A,"508 Dawes Road, East York, ON, M4B 2G3",Kijiji
Frederick Apartments - 1 Bedroom Renovated Apartment for Rent,1699,Kitchener / Waterloo,https://www.kijiji.ca/v-apartments-condos/kitchener-waterloo/frederick-apartments-1-bedroom-renovated-apartment-for-rent/1709800880,1,1,N/A,Apartment,0,Yes,"250 Frederick Street, Kitchener, ON, N2H 2N1",Kijiji
195 Lindsay Street Apartments - Renovated 1 Bedroom Apartment fo,1499,Windsor Region,https://www.kijiji.ca/v-apartments-condos/windsor-area-on/195-lindsay-street-apartments-renovated-1-bedroom-apartment-fo/1708620882,1,1,N/A,Apartment,0,N/A,"195 Lindsay Street South, Lindsay, ON, N9V 2N2",Kijiji
375 Melvin Apartments - 2 Bedroom Apartment for Rent,1499,Hamilton,https://www.kijiji.ca/v-apartments-condos/hamilton/375-melvin-apartments-2-bedroom-apartment-for-rent/1722783318,2,1,N/A,Apartment,0,Yes,"375 Melvin Ave, Hamilton, ON, L8H 2K6",Kijiji
Webster Apartments - Renovated 1 bedroom Apartment for Rent,1440,London,https://www.kijiji.ca/v-apartments-condos/london/webster-apartments-renovated-1-bedroom-apartment-for-rent/1708209684,1,1,800 sqft,Apartment,0,N/A,"1270 Webster Street, London, ON, N5V 3P3",Kijiji
Webster Apartments - Renovated 2 Bedroom Apartment for Rent,1640,"Huron Heights, London",https://www.kijiji.ca/v-apartments-condos/london/webster-apartments-renovated-2-bedroom-apartment-for-rent/1728114325,2,1,1050 sqft,Apartment,0,N/A,"1270 Webster Street, London, ON, N5V 3P3",Kijiji
Melvin Apartments - Renovated 1 Bedroom Apartment for Rent,1440,Hamilton,https://www.kijiji.ca/v-apartments-condos/hamilton/melvin-apartments-renovated-1-bedroom-apartment-for-rent/1726513097,1,1,N/A,Apartment,0,Yes,"221 Melvin Avenue, Hamilton, ON, L8H 2K1",Kijiji
Stoneglen Townhouses - 3 Bedroom with Garage House for Rent,2740,Guelph,https://www.kijiji.ca/v-apartments-condos/guelph/stoneglen-townhouses-3-bedroom-with-garage-house-for-rent/1720641177,3,2,1500 sqft,House,0,Yes,"414 Stone Road, Guelph, ON, N1G 3E1",Kijiji
Torbolton Townhouse - 3 Bedroom 2 Bathroom Townhouse House for R,2799,Toronto,https://www.kijiji.ca/v-apartments-condos/city-of-toronto/torbolton-townhouse-3-bedroom-2-bathroom-townhouse-house-for-r/1716984267,3.5,2,N/A,House,0,N/A,"2 Torbolton Drive, Toronto, ON, M9W 3Y2",Kijiji
Melvin Apartments - Renovated 3 Bedroom Apartment for Rent,2099,Hamilton,https://www.kijiji.ca/v-apartments-condos/hamilton/melvin-apartments-renovated-3-bedroom-apartment-for-rent/1727804158,3,1,N/A,Apartment,0,Yes,"221 Melvin Avenue, Hamilton, ON, L8H 2K1",Kijiji
Melvin Apartments - 2 Bedroom Apartment for Rent,1540,Hamilton,https://www.kijiji.ca/v-apartments-condos/hamilton/melvin-apartments-2-bedroom-apartment-for-rent/1726567484,2,1,650 sqft,Apartment,1,Yes,"221 Melvin Avenue, Hamilton, ON, L8H 2K1",Kijiji
Owen Apartments - Bachelor Apartment for Rent,1499,Muskoka,https://www.kijiji.ca/v-apartments-condos/muskoka/owen-apartments-bachelor-apartment-for-rent/1726567486,0,1,400 sqft,Apartment,0,Yes,"51 owen street, Penetanguishene, ON, L9M 1N4",Kijiji
Melvin Apartments - Renovated 2 Bedroom Apartment for Rent,1599,Hamilton,https://www.kijiji.ca/v-apartments-condos/hamilton/melvin-apartments-renovated-2-bedroom-apartment-for-rent/1708206512,2,1,N/A,Apartment,0,Yes,"221 Melvin Avenue, Hamilton, ON, L8H 2K1",Kijiji
Frederick Apartments - 2 Bedroom Renovated Apartment for Rent,1999,Kitchener,https://www.kijiji.ca/v-apartments-condos/kitchener-waterloo/frederick-apartments-2-bedroom-renovated-apartment-for-rent/1711280922,2,1,N/A,Apartment,0,Yes,"250 Frederick Street, Kitchener, ON, N2H 2N1",Kijiji
Grange Apartments - Renovated 2 Bedroom Apartment for Rent,2199,Toronto,https://www.kijiji.ca/v-apartments-condos/city-of-toronto/grange-apartments-renovated-2-bedroom-apartment-for-rent/1720703644,2,1,N/A,Apartment,0,Yes,"168 Grange Avenue, Toronto, ON, M5T 1E3",Kijiji
Guestville Apartments - 1 Bedroom Apartment for Rent,1799,Toronto,https://www.kijiji.ca/v-apartments-condos/city-of-toronto/guestville-apartments-1-bedroom-apartment-for-rent/1712253901,1,1,N/A,Apartment,0,N/A,"80 Guestville Avenue, Toronto, ON, M6N 4N3",Kijiji
Brant Apartments - Renovated 2 bedroom Apartment for Rent,2099,Guelph,https://www.kijiji.ca/v-apartments-condos/guelph/brant-apartments-renovated-2-bedroom-apartment-for-rent/1714341364,2,1,1200 sqft,Apartment,0,Yes,"8 Brant Ave, Guelph, ON, N1E 1E7",Kijiji
Bold Street Apartments - Bachelor Apartment for Rent,1125,"Durand, Hamilton",https://www.kijiji.ca/v-apartments-condos/hamilton/bold-street-apartments-bachelor-apartment-for-rent/1728260111,0,1,N/A,Apartment,0,Yes,"125 Bold Street, Hamilton, ON, L8P 1T9",Kijiji
3250 Keele Apartments - Renovated 1 Bedroom Apartment for Rent,1799,Toronto,https://www.kijiji.ca/v-apartments-condos/city-of-toronto/3250-keele-apartments-renovated-1-bedroom-apartment-for-rent/1716060797,1,1,750 sqft,Apartment,0,Yes,"3250 Keele Street, Toronto, ON, M3M 3C5",Kijiji
2 Beds 1 Bath Suite (Burnaby Highgate),2332,"Edmonds-Highgate Village, Burnaby",https://www.kijiji.ca/v-apartments-condos/burnaby-new-westminster/2-beds-1-bath-suite-burnaby-highgate/1728951087,2,1,830 sqft,Apartment,0,N/A,"7111 Salisbury Avenue, Burnaby, BC",Kijiji
3 bedroom house for rent in Pickering,2800,"Bay Ridges, Oshawa / Durham Region",https://www.kijiji.ca/v-apartments-condos/oshawa-durham-region/3-bedroom-house-for-rent-in-pickering/1728951086,3,1,1800 sqft,House,2,Yes,"Pickering, ON, L1W 1S5",Kijiji
4 1/2 À LOUER LAVAL (VIMONT)-,1575,Laval,https://www.kijiji.ca/v-apartments-condos/laval-rive-nord/4-1-2-a-louer-laval-vimont/1720485980,2,1,N/A,Apartment,0,N/A,"22 Saint-Elzéar Ouest, Laval, QC, H7M 1E2",Kijiji
"5 1/2 À LOUER ST-HUBERT - BLOC TRANQUILLE, PROPRE, PISCINE",1600,Longueuil / South Shore,https://www.kijiji.ca/v-apartments-condos/longueuil-rive-sud/5-1-2-a-louer-st-hubert-bloc-tranquille-propre-piscine/1727187644,3,1,N/A,Apartment,0,N/A,"2640 rue Quévillon, St-Hubert, QC, J3Y 6K2",Kijiji
4 1/2 À LOUER BOISBRIAND - RÉNOVÉ ET PROPRE,1500,Boisbriand,https://www.kijiji.ca/v-apartments-condos/laval-rive-nord/4-1-2-a-louer-boisbriand-renove-et-propre/1713013878,2,1,N/A,Apartment,0,N/A,"234 rue Pierrefontaine, Boisbriand, QC, J7G 1Y4",Kijiji
"APPARTEMENT 2 1/2 À LOUER MONTRÉAL - RÉNOVÉ, CHAUFFÉ",1150,Montréal,https://www.kijiji.ca/v-apartments-condos/ville-de-montreal/appartement-2-1-2-a-louer-montreal-renove-chauffe/1718753379,0,1,N/A,Apartment,0,N/A,"1020 rue de Salaberry, Montréal, QC, H3L 1L3",Kijiji
4 1/2 À LOUER LAVAL (VIMONT)-,1700,Laval,https://www.kijiji.ca/v-apartments-condos/laval-rive-nord/4-1-2-a-louer-laval-vimont/1726251532,2,1,N/A,Apartment,0,N/A,"22 Saint-Elzéar Ouest, Laval, QC, H7M 1E2",Kijiji
"4 1/2 À LOUER BOUCHERVILLE - BLOC BÉTON, ACENSEUR, TOUT INCLUS",1550,Boucherville,https://www.kijiji.ca/v-apartments-condos/longueuil-rive-sud/4-1-2-a-louer-boucherville-bloc-beton-acenseur-tout-inclus/1718539775,2,1,N/A,Apartment,0,N/A,"453 Rue Darontal, Boucherville, QC, J4B 6J4",Kijiji
"4 1/2 À LOUER LAVAL - BLOC BÉTON, ASCENSEUR, BORD DE L'EAU",1700,Laval,https://www.kijiji.ca/v-apartments-condos/laval-rive-nord/4-1-2-a-louer-laval-bloc-beton-ascenseur-bord-de-leau/1726132908,2,1,N/A,Apartment,0,N/A,"1750 boul. Lévesque est, Laval, QC, H7G 4S1",Kijiji
"APPARTEMENT (3 1/2) MONTRÉAL - RENOVÉ, CHAUFFÉ",1350,City of Montréal,https://www.kijiji.ca/v-apartments-condos/ville-de-montreal/appartement-3-1-2-montreal-renove-chauffe/1714257686,1,1,N/A,Apartment,0,N/A,"1020 rue de Salaberry, Montréal, QC, H3L 1L3",Kijiji
